fitness,lr0,lrf,momentum,weight_decay,warmup_epochs,warmup_momentum,box,cls,dfl,hsv_h,hsv_s,hsv_v,degrees,translate,scale,shear,perspective,flipud,fliplr,mosaic,mixup,copy_paste
0.0,0.01,0.01,0.937,0.0005,3.0,0.8,7.5,0.5,1.5,0.015,0.7,0.4,0.0,0.1,0.5,0.0,0.0,0.0,0.5,1.0,0.0,0.0
0.0,0.01061,0.01029,0.937,0.00051,3.13689,0.7596,7.37878,0.50535,1.48746,0.015,0.67543,0.4288,0.0,0.10129,0.5,0.0,0.0,0.0,0.44366,1.0,0.0,0.0
0.0,0.0097,0.01,0.937,0.00051,3.0,0.8741,8.27726,0.52983,1.48823,0.01259,0.66625,0.4,0.0,0.10866,0.52886,0.0,0.0,0.0,0.46168,0.99741,0.0,0.0
0.0,0.01034,0.01045,0.94481,0.0005,3.00035,0.74873,7.5,0.49456,1.53448,0.01564,0.7,0.39574,0.0,0.10149,0.52074,0.0,0.0,0.0,0.52638,1.0,0.0,0.0
0.0,0.0097,0.0098,0.92099,0.00051,2.75722,0.87823,7.573,0.50559,1.5704,0.01276,0.66635,0.39933,0.0,0.11202,0.58179,0.0,0.0,0.0,0.43786,1.0,0.0,0.0
